created_at,first_name,last_name,email,password
2021-12-05 17:08:49,Bilal,ABIZ,bil_abiz@fakehotmail.com,34941004
2024-01-25 11:22:29,Şükrü Özgür,TALYAR,suk_talyar@fakeoutlook.com,38688676
2020-08-27 15:14:31,Ayşe,AKKOYUNLU,ays_akkoyunlu@fakegmail.com,77491435
2024-07-03 10:03:59,Sedat,AKYILDIRIM,sed_akyildirim@fakeyahoo.com,55540424
2023-09-08 10:23:29,Bedirhan,ARİN,bed_arin@fakegmail.com,78159587
2024-10-12 16:07:23,Mert,KÜÇÜKALİ,mer_kucukali@fakeyahoo.com,35529407
2026-01-06 10:52:08,Emrah Savaş,DURU,emr_duru@fakehotmail.com,70211891
2024-10-27 14:59:34,Özgür,AYGÜNDÜZ,ozg_aygunduz@fakegmail.com,11980765
2024-03-08 09:16:01,Yüksel,YÖNYÜL,yuk_yonyul@fakeyahoo.com,75319931
2023-06-13 14:57:27,İrem,TEKOL,ire_tekol@fakegmail.com,64547971
2024-08-26 11:22:51,Gamze,TANUS,gam_tanus@fakeoutlook.com,32097220
2026-06-26 11:08:35,Mihriban,AKBULAK,mih_akbulak@fakeoutlook.com,66775103
2022-02-04 11:45:31,Erva Güler,SUNGUNAY,erv_sungunay@fakeyahoo.com,52091325
2023-10-28 16:04:40,Mesut,DÜŞMEZ,mes_dusmez@fakehotmail.com,83863413
2026-05-28 15:30:11,Arya,ALTINMEŞE,ary_altinmese@fakeyahoo.com,43374088
2024-01-06 13:55:12,Ayfer Elanur,ÖZÜDÜZ,ayf_ozuduz@fakelive.com,24665841
2024-11-08 10:56:49,Necdet,BEKMEZCİ,nec_bekmezci@fakegmail.com@fakeyahoo.com,81286543
2020-11-04 14:21:10,Bahar,UVALİ,bah_uvali@fakegmail.com,31130263
2025-12-15 09:57:18,Medine Aysima,DOĞANTEKİN,med_dogantekin@fakeyahoo.com,43528453
2023-12-19 14:09:16,Necdet,KIRBASOGLU,nec_kirbasoglu@fakeoutlook.com,30776478
2023-08-03 14:43:17,Güllü,DİLLİ,gul_dilli@fakeyahoo.com,20117988
2024-01-25 09:49:22,Azat Turgay,ŞERİFOĞLU,aza_serifoglu@fakegmail.com,62401521
2023-04-06 10:51:14,Nazlı,GEYİKÇİ,naz_geyikci@fakeyahoo.com,88406989
2020-09-23 16:55:23,Sedef Güler,OCAK,sed_ocak@fakehotmail.com,17869910
2023-08-05 16:47:36,Sevil Yaren,MİRCALI,sev_mircali@fakeyahoo.com,28814949
2024-07-28 10:41:45,Ayşe,AZDER,ays_azder@fakehotmail.com,41568532
2025-05-23 11:06:47,Cennet Buğlem,TUĞLAN,cen_tuglan@fakehotmail.com,26090908
2023-12-11 09:52:05,Talha,ÖZKAYAŞ,tal_ozkayas@fakegmail.com,17672593
2023-06-16 12:09:22,Veysel Sinan,TÜRMEN,vey_turmen@fakehotmail.com,72092888
2024-03-05 10:52:28,Erkan,İLKMEN,erk_ilkmen@fakegmail.com,20752378
2025-09-03 09:29:15,Kerim,İÇAÇAN,ker_icacan@fakegmail.com,69476001
2023-05-23 15:17:06,Cemile,BAKIRCIOĞLU,cem_bakircioglu@fakeoutlook.com,19196777
2023-02-27 10:57:52,Demet,KİLİMCİ,dem_kilimci@fakelive.com,63826716
2024-10-17 14:52:35,Gizem,BACAKLI,giz_bacakli@fakeoutlook.com,17634247
2024-11-23 15:19:57,Alya,CİVİL,aly_civil@fakegmail.com,17849494
2022-11-09 14:20:19,Hasan,BÖRKLÜ,has_borklu@fakegmail.com,64193837
2024-10-16 09:57:01,Beyzanur,BALABAN,bey_balaban@fakehotmail.com,34627347
2023-08-13 14:50:20,Alper,DAYI,alp_dayi@fakeoutlook.com,75181648
2025-03-07 12:17:24,Melis,ATSIZELTİ,mel_atsizelti@fakelive.com,97529405
2025-06-11 12:52:00,Muammer,HASDEMIR,mua_hasdemir@fakegmail.com,22517517
2024-10-12 10:27:34,Berna,KADAYIFÇIOĞLU,ber_kadayifcioglu@fakeoutlook.com,39219319
2024-01-24 11:18:59,Azat,SEVENYURT,aza_sevenyurt@fakegmail.com,16789850
2023-10-09 11:05:14,Şerife,PÜREN,ser_puren@fakeoutlook.com,82772208
2020-10-10 14:37:30,Doruk,ALINMAZ,dor_alinmaz@fakehotmail.com,84593961
2024-07-12 09:44:37,Ayfer Sena,CANKIROĞLU,ayf_cankiroglu@fakegmail.com,32321899
2023-12-15 11:22:09,Hamdi,ÇIRPANLI,ham_cirpanli@fakehotmail.com,19121552
2023-08-09 17:10:48,Ensar,DEĞERLİER,ens_degerlier@fakegmail.com,10289289
2024-06-01 14:08:01,Nilgün Birsen,KARATOP,nil_karatop@fakeyahoo.com@fakeoutlook.com,16729990
2025-04-04 15:26:03,Utku,KUŞAK,utk_kusak@fakehotmail.com@fakegmail.com,45594951
2022-07-19 13:32:49,Aslı,ÖKTEM,asl_oktem@fakehotmail.com,60864911
2023-08-27 16:23:06,Dilan Selma,ÜSTÜNGEL,dil_ustungel@fakeyahoo.com,48285503
2024-09-25 16:33:55,Aslı Kezban,CANLI,asl_canli@fakeyahoo.com,98834863
2023-02-02 15:52:20,Şeyma,ÖZELÇAM,sey_ozelcam@fakeoutlook.com,23141087
2024-02-15 11:17:04,Ayten,SAKAOĞLU,ayt_sakaoglu@fakeyahoo.com,71070189
2024-12-22 09:35:02,Betül Buket,METİNER,bet_metiner@fakeyahoo.com,35487660
2023-02-14 15:13:29,Deniz Muharrem,ERENSU,den_erensu@fakegmail.com,18181586
2024-05-26 12:22:56,Zeliha,GIDA),zel_gida)@fakeoutlook.com,74606833
2023-01-07 15:28:51,Ömer,ŞANAL,ome_sanal@fakegmail.com,41726318
2023-11-19 10:48:41,Salih,UPCİN,sal_upcin@fakegmail.com,73993471
2024-10-20 12:54:09,Yağmur,IŞLAK,yag_islak@fakegmail.com,89864260
2026-03-15 16:39:37,Rabia,SATANA,rab_satana@fakelive.com,49823450
2024-10-25 09:36:38,Sema,ÖZGEN,sem_ozgen@fakehotmail.com,47385696
2020-11-04 12:11:48,Furkan,DALDI,fur_daldi@fakeyahoo.com,35714784
2023-10-24 17:24:05,Alya Selin,DÜRER,aly_durer@fakehotmail.com,82556484
2022-04-28 15:09:07,Suat,EKİCİLER,sua_ekiciler@fakeyahoo.com,81979055
2024-12-19 16:59:43,Betül Nevin,ASAL,bet_asal@fakelive.com,66623995
2024-01-23 09:40:35,Narin Gülşah,ENGÜZEL,nar_enguzel@fakeoutlook.com,87736262